{
  "assumptions_used": {
    "bar_attach_rate": 0.7,
    "bar_cogs_pct": 0.2,
    "food_attach_rate": 0.35,
    "food_cogs_pct_placeholder": 0.3,
    "labor_pct": 0.22,
    "utilities_per_month": 3712.5000000000005
  },
  "cam_per_sf": 3.5,
  "capex_total": 620000.0,
  "equity_required_at_close": 124000.0,
  "implied_equity": 124000.0,
  "late_bar_fraction": 0.0,
  "late_food_fraction": 0.0,
  "late_incremental": {
    "bar_sales_monthly": 0.0,
    "break_even_sales_per_day": 169.26614690192864,
    "cash_after_debt_monthly": 4977.499967999998,
    "extra_hours_per_week_capped": 14.0,
    "fixed_costs_monthly": 4950.019200000001,
    "food_sales_monthly": 0.0,
    "gross_profit_monthly": 9927.519167999999,
    "incremental_debt_service_monthly": 0.0,
    "noi_monthly": 4977.499967999998,
    "sales_monthly": 10184.16,
    "table_sales_monthly": 10184.16,
    "variable_costs_monthly": 256.64083200000005
  },
  "late_night": true,
  "lease_deposit_amount": 18000.0,
  "lease_deposit_months": 1.0,
  "loan_amount": 496000.0,
  "loan_principal": 496000.0,
  "payback_months": 7.692216102554346,
  "payback_years": 0.6410180085461955,
  "periods": [
    {
      "bar_revenue": 27325.748474640004,
      "day_type": "weekday",
      "food_revenue": 7590.485687400001,
      "metrics": {
        "guests": 1914.1308,
        "table_hours": 638.0436
      },
      "period": "core",
      "table_revenue": 7656.5232
    },
    {
      "bar_revenue": 10748.255530320002,
      "day_type": "weekday",
      "food_revenue": 2985.6265362000004,
      "metrics": {
        "guests": 752.9004,
        "table_hours": 250.9668
      },
      "period": "late",
      "table_revenue": 5019.336
    },
    {
      "bar_revenue": 26870.638825800008,
      "day_type": "weekend",
      "food_revenue": 7464.066340500001,
      "metrics": {
        "guests": 1882.2510000000002,
        "table_hours": 627.417
      },
      "period": "core",
      "table_revenue": 10038.672
    },
    {
      "bar_revenue": 13435.319412900004,
      "day_type": "weekend",
      "food_revenue": 3732.0331702500007,
      "metrics": {
        "guests": 941.1255000000001,
        "table_hours": 313.7085
      },
      "period": "late",
      "table_revenue": 6274.17
    }
  ],
  "pricing_style": "hourly",
  "rent_per_sf": 18.5,
  "revenue_drivers": {
    "avg_bar_spend_per_guest": 20.394000000000005,
    "avg_food_spend_per_guest": 11.330000000000002,
    "avg_guests_per_table_hour": 3.0,
    "avg_table_hours_sold_per_table_weekday": 3.0,
    "avg_table_hours_sold_per_table_weekend": 5.0,
    "bar_attach_rate": 0.7,
    "bar_only_bar_spend_per_guest": 18.0,
    "bar_only_food_attach_rate": 0.25,
    "bar_only_food_spend_per_guest": 10.0,
    "bar_only_weekday_guests_per_day": 25.0,
    "bar_only_weekdays_per_month": 22.0,
    "bar_only_weekend_days_per_month": 8.0,
    "bar_only_weekend_guests_per_day": 60.0,
    "cam_per_sqft_year": 3.5,
    "food_attach_rate": 0.35,
    "late_extra_hours_per_day_capped": 2.0,
    "late_extra_hours_per_week_capped": 14.0,
    "lease_band": "mid",
    "legal_hours_enforced": true,
    "legal_max_open_hours_per_day": 16.0,
    "open_hours_per_day_modeled": 16.0,
    "program_event_avg_revenue": 900,
    "program_event_net_margin_pct": 0.85,
    "program_event_variable_cost_pct": 0.15,
    "program_events_per_month": 4,
    "program_incremental_bar_only_guests_monthly": 579.8,
    "program_incremental_table_hours_sold_monthly": 136.10999999999999,
    "program_league_active_players": 120,
    "program_league_fee_per_player": 2,
    "program_league_net_margin_pct": 0.8,
    "program_membership_active_members": 150.0,
    "program_membership_avg_spend_per_visit": 19.973261089227094,
    "program_membership_break_even_avg_sales_per_visit": 177.08333333333334,
    "program_membership_discount_cost_monthly": 359.5186996060877,
    "program_membership_discount_method": "discount_pct_on_member_visits",
    "program_membership_discount_pct": 0.1,
    "program_membership_discountable_sales_share": 0.6,
    "program_membership_estimated_share_of_guests": 0.03477119285949911,
    "program_membership_member_visits_per_month": 2.0,
    "program_membership_monthly_fee": 25.0,
    "program_membership_net_margin_pct": 0.85,
    "program_membership_visits_per_month": 2.0,
    "program_uplift_spend_multiplier": 0.03,
    "program_uplift_utilization_multiplier": 0.05,
    "programs_driver_mode": true,
    "programs_enabled": true,
    "rent_per_sqft_year": 18.5,
    "spend_multiplier": 1.1330000000000002,
    "standard_open_hours_per_day": 14.0,
    "table_hourly_rate_late": 20.0,
    "table_hourly_rate_offpeak": 12.0,
    "table_hourly_rate_prime": 16.0,
    "utilities_hours_multiplier": 1.1,
    "utilities_per_sqft_year": 4.5,
    "utilization_multiplier": 1.2075
  },
  "runway_months": 100000.0,
  "scenario_id": "S12_UPSIDE_LATE_LOCKUP_PLUS_PROGRAMS2",
  "scenario_name": "12-table upside late-night lockup + programs (drivers)",
  "size_sf": 8000.0,
  "startup_cost": 620000.0,
  "tables": 12,
  "ti_allowance": 0.0,
  "total_capex": 620000.0,
  "total_cash_required_to_open": 142000.0,
  "total_guests": 7018.0317,
  "total_project_cost": 620000.0,
  "totals": {
    "annual_debt_service": 85393.90848921996,
    "annual_net": 967211.5162663471,
    "bar_cogs": 21471.272448732005,
    "bar_only_bar_sales_monthly": 28976.399999999998,
    "bar_only_food_sales_monthly": 4024.5,
    "bar_revenue": 78379.96224366002,
    "breakeven_revenue": 61345.51686499854,
    "breakeven_revenue_after_debt": 71994.86510232327,
    "cam": 2625.0,
    "cam_monthly": 2625.0,
    "capex_total": 620000.0,
    "cash_flow_after_debt": 71875.30064809394,
    "cash_gap_monthly": 71875.30064809394,
    "dscr": 11.100294307128578,
    "equity_required_at_close": 124000.0,
    "fixed_costs": 40992.59830000001,
    "food_cogs": 7739.013520305,
    "food_revenue": 21772.211734350003,
    "gross_margin_pct": 0.6682248417632757,
    "gross_margin_rate": 0.6682248417632757,
    "gross_profit_before_fixed": 119984.05798886227,
    "hvac_filters": 100.0,
    "hvac_reserve": 166.66666666666666,
    "hvac_service": 100.0,
    "insurance": 500.0,
    "labor": 24227.750825248866,
    "labor_target_total_monthly": 39502.41162524887,
    "labor_total_monthly": 39502.41162524887,
    "late_break_even_incremental_sales_per_day": 169.26614690192864,
    "late_incremental_cashflow_after_debt_monthly": 4977.499967999998,
    "late_incremental_costs_monthly": 4950.019200000001,
    "late_incremental_noi_monthly": 4977.499967999998,
    "late_incremental_sales_monthly": 10184.16,
    "lease_deposit_amount": 18000.0,
    "lease_deposit_months": 1.0,
    "licenses_fees": 96.27083333333333,
    "loan_amount": 496000.0,
    "maintenance_reserve": 708.3333333333334,
    "marketing": 750.0,
    "monthly_debt_service": 7116.159040768331,
    "monthly_fixed_costs": 40992.59830000001,
    "monthly_net": 80600.95968886226,
    "monthly_variable_costs": 59572.35848954165,
    "music_licensing": 204.16666666666666,
    "noi": 78991.45968886226,
    "occupancy_cost_monthly": 18000.0,
    "other_opex": 1200.0,
    "pos_software": 180.0,
    "processing_fees": 4524.82169525578,
    "program_event_contribution_monthly": 2601.0,
    "program_event_revenue_monthly": 3600.0,
    "program_incremental_bar_only_guests_monthly": 579.8,
    "program_incremental_labor_cost_monthly": 1128.4224000000002,
    "program_incremental_security_cost_monthly": 1188.8352000000002,
    "program_incremental_table_hours_sold_monthly": 136.10999999999999,
    "program_league_contribution_monthly": 192.0,
    "program_league_revenue_monthly": 240.0,
    "program_membership_break_even_avg_sales_per_visit": 177.08333333333334,
    "program_membership_break_even_visits_per_month": null,
    "program_membership_contribution_monthly": 3187.5,
    "program_membership_discount_cost_monthly": 359.5186996060877,
    "program_membership_net_after_discount_monthly": 2827.9813003939125,