{
  "assumptions_used": {
    "bar_attach_rate": 0.7,
    "bar_cogs_pct": 0.2,
    "food_attach_rate": 0.35,
    "food_cogs_pct_placeholder": 0.3,
    "labor_pct": 0.22,
    "utilities_per_month": 3400.0
  },
  "cam_per_sf": 4.0,
  "down_payment_amount": 104400.0,
  "implied_equity": -128000.0,
  "loan_principal": 650000.0,
  "payback_months": 49.40539457433948,
  "payback_years": 4.1171162145282905,
  "periods": [
    {
      "bar_revenue": 11313.14688,
      "day_type": "weekday",
      "food_revenue": 3142.5407999999998,
      "metrics": {
        "guests": 997.6320000000001,
        "table_hours": 332.54400000000004
      },
      "period": "core",
      "table_revenue": 3990.5280000000002
    },
    {
      "bar_revenue": 5656.57344,
      "day_type": "weekday",
      "food_revenue": 1571.2703999999999,
      "metrics": {
        "guests": 498.81600000000003,
        "table_hours": 166.27200000000002
      },
      "period": "late",
      "table_revenue": 3325.4400000000005
    },
    {
      "bar_revenue": 14141.4336,
      "day_type": "weekend",
      "food_revenue": 3928.1760000000004,
      "metrics": {
        "guests": 1247.0400000000002,
        "table_hours": 415.68000000000006
      },
      "period": "core",
      "table_revenue": 6650.880000000001
    },
    {
      "bar_revenue": 7070.7168,
      "day_type": "weekend",
      "food_revenue": 1964.0880000000002,
      "metrics": {
        "guests": 623.5200000000001,
        "table_hours": 207.84000000000003
      },
      "period": "late",
      "table_revenue": 4156.800000000001
    }
  ],
  "pricing_style": "hourly",
  "rent_per_sf": 18.0,
  "revenue_drivers": {
    "avg_bar_spend_per_guest": 16.2,
    "avg_food_spend_per_guest": 9.0,
    "avg_guests_per_table_hour": 3.0,
    "avg_table_hours_sold_per_table_weekday": 3.0,
    "avg_table_hours_sold_per_table_weekend": 5.0,
    "bar_attach_rate": 0.7,
    "food_attach_rate": 0.35,
    "spend_multiplier": 0.9,
    "table_hourly_rate_late": 20.0,
    "table_hourly_rate_offpeak": 12.0,
    "table_hourly_rate_prime": 16.0,
    "utilization_multiplier": 0.8
  },
  "scenario_id": "S12_CONSERVATIVE",
  "scenario_name": "12-table conservative",
  "size_sf": 8000.0,
  "startup_cost": 620000.0,
  "tables": 12,
  "total_capex": 522000.0,
  "total_guests": 3367.0080000000003,
  "totals": {
    "annual_debt_service": 111907.33975401812,
    "annual_net": 150590.84264179197,
    "bar_cogs": 7636.374144,
    "bar_revenue": 38181.87072,
    "breakeven_revenue": 45753.62451212581,
    "breakeven_revenue_after_debt": 61476.57306261759,
    "cam": 3000.0,
    "cash_flow_after_debt": 3223.6252406478216,
    "dscr": 1.3456744032411412,
    "fixed_costs": 27137.4375,
    "food_cogs": 3181.8225599999996,
    "food_revenue": 10606.0752,
    "gross_margin_pct": 0.5931210431822276,
    "hvac_filters": 100.0,
    "hvac_reserve": 166.66666666666666,
    "hvac_service": 100.0,
    "insurance": 500.0,
    "labor": 14720.550662399999,
    "licenses_fees": 96.27083333333333,
    "maintenance_reserve": 708.3333333333334,
    "marketing": 750.0,
    "monthly_debt_service": 9325.611646168176,
    "monthly_fixed_costs": 27137.4375,
    "monthly_net": 12549.236886815997,
    "music_licensing": 204.16666666666666,
    "noi": 12549.236886815997,
    "occupancy_cost_monthly": 18000.0,
    "other_opex": 1200.0,
    "pos_software": 180.0,
    "processing_fees": 1686.172166784,
    "property_tax_insurance": 1500.0,
    "rent": 13500.0,
    "security": 1732.0,
    "table_revenue": 18123.648,
    "total_cogs": 10818.196704,
    "total_expenses": 54362.357033184,
    "total_revenue": 66911.59392,
    "utilities": 3400.0,
    "utilities_cost_monthly": 3400.0
  },
  "warnings": [
    "Alcohol sales are prohibited from 02:00-10:00 and before Sunday noon.",
    "Late-night mode may require a special exception for midnight-2am alcohol service.",
    "Last call should be 01:30-01:45 to clear drinks by 02:00.",
    "Operating after 2am without alcohol is high risk; docs say 24-hour operation is not feasible."
  ],
  "wristband_count_method": "core_only"
}
