{
  "assumptions_used": {
    "bar_attach_rate": 0.7,
    "bar_cogs_pct": 0.2,
    "food_attach_rate": 0.35,
    "food_cogs_pct_placeholder": 0.3,
    "labor_pct": 0.22,
    "utilities_per_month": 3400.0
  },
  "cam_per_sf": 4.0,
  "down_payment_amount": 104400.0,
  "implied_equity": -128000.0,
  "late_bar_fraction": 1.0,
  "late_food_fraction": 1.0,
  "late_incremental": {
    "bar_sales_monthly": 19055.581776000003,
    "break_even_sales_per_day": 318.96021226984817,
    "cash_after_debt_monthly": 14939.903101692802,
    "extra_hours_per_week_capped": 14.0,
    "fixed_costs_monthly": 5726.492800000001,
    "food_sales_monthly": 5293.217160000001,
    "gross_profit_monthly": 20666.395901692802,
    "incremental_debt_service_monthly": 0.0,
    "noi_monthly": 14939.903101692802,
    "sales_monthly": 34532.958936,
    "table_sales_monthly": 10184.16,
    "variable_costs_monthly": 13866.5630343072
  },
  "late_night": true,
  "loan_principal": 650000.0,
  "payback_months": null,
  "payback_years": null,
  "periods": [
    {
      "bar_revenue": 11313.14688,
      "day_type": "weekday",
      "food_revenue": 3142.5407999999998,
      "metrics": {
        "guests": 997.6320000000001,
        "table_hours": 332.54400000000004
      },
      "period": "core",
      "table_revenue": 3990.5280000000002
    },
    {
      "bar_revenue": 5656.57344,
      "day_type": "weekday",
      "food_revenue": 1571.2703999999999,
      "metrics": {
        "guests": 498.81600000000003,
        "table_hours": 166.27200000000002
      },
      "period": "late",
      "table_revenue": 3325.4400000000005
    },
    {
      "bar_revenue": 14141.4336,
      "day_type": "weekend",
      "food_revenue": 3928.1760000000004,
      "metrics": {
        "guests": 1247.0400000000002,
        "table_hours": 415.68000000000006
      },
      "period": "core",
      "table_revenue": 6650.880000000001
    },
    {
      "bar_revenue": 7070.7168,
      "day_type": "weekend",
      "food_revenue": 1964.0880000000002,
      "metrics": {
        "guests": 623.5200000000001,
        "table_hours": 207.84000000000003
      },
      "period": "late",
      "table_revenue": 4156.800000000001
    }
  ],
  "pricing_style": "hourly",
  "rent_per_sf": 18.0,
  "revenue_drivers": {
    "avg_bar_spend_per_guest": 16.2,
    "avg_food_spend_per_guest": 9.0,
    "avg_guests_per_table_hour": 3.0,
    "avg_table_hours_sold_per_table_weekday": 3.0,
    "avg_table_hours_sold_per_table_weekend": 5.0,
    "bar_attach_rate": 0.7,
    "bar_only_bar_spend_per_guest": 18.0,
    "bar_only_food_attach_rate": 0.25,
    "bar_only_food_spend_per_guest": 10.0,
    "bar_only_weekday_guests_per_day": 25.0,
    "bar_only_weekdays_per_month": 22.0,
    "bar_only_weekend_days_per_month": 8.0,
    "bar_only_weekend_guests_per_day": 60.0,
    "food_attach_rate": 0.35,
    "late_extra_hours_per_day_capped": 2.0,
    "late_extra_hours_per_week_capped": 14.0,
    "legal_hours_enforced": true,
    "legal_max_open_hours_per_day": 16.0,
    "open_hours_per_day_modeled": 16.0,
    "program_event_avg_revenue": 900,
    "program_event_net_margin_pct": 0.85,
    "program_event_variable_cost_pct": 0.15,
    "program_events_per_month": 4,
    "program_incremental_bar_only_guests_monthly": 0.0,
    "program_incremental_table_hours_sold_monthly": 0.0,
    "program_league_active_players": 120,
    "program_league_fee_per_player": 2,
    "program_league_net_margin_pct": 0.8,
    "program_membership_active_members": 150,
    "program_membership_discount_leakage_monthly": 0.0,
    "program_membership_discount_leakage_pct": 0.4,
    "program_membership_monthly_fee": 25,
    "program_membership_net_margin_pct": 0.85,
    "program_uplift_spend_multiplier": 0.0,
    "program_uplift_utilization_multiplier": 0.0,
    "programs_driver_mode": false,
    "programs_enabled": false,
    "spend_multiplier": 0.9,
    "standard_open_hours_per_day": 14.0,
    "table_hourly_rate_late": 20.0,
    "table_hourly_rate_offpeak": 12.0,
    "table_hourly_rate_prime": 16.0,
    "utilization_multiplier": 0.8
  },
  "scenario_id": "S12_CONSERVATIVE_LATE",
  "scenario_name": "12-table conservative late-night",
  "size_sf": 8000.0,
  "startup_cost": 620000.0,
  "tables": 12,
  "total_capex": 522000.0,
  "total_guests": 4894.6320000000005,
  "totals": {
    "annual_debt_service": 111907.33975401812,
    "annual_net": -177021.12493789452,
    "bar_cogs": 15155.490499200001,
    "bar_only_bar_sales_monthly": 18540.0,
    "bar_only_food_sales_monthly": 2575.0,
    "bar_revenue": 57237.452496,
    "breakeven_revenue": 147736.61485506332,
    "breakeven_revenue_after_debt": 163652.78323398216,
    "cam": 3000.0,
    "cash_flow_after_debt": -24077.372057659384,
    "cash_gap_monthly": -24077.372057659384,
    "dscr": 0,
    "fixed_costs": 86561.9327,
    "food_cogs": 5542.287708,
    "food_revenue": 15899.29236,
    "gross_margin_pct": 0.5859206452301713,
    "gross_margin_rate": 0.5859206452301713,
    "gross_profit_before_fixed": 71810.1722885088,
    "hvac_filters": 100.0,
    "hvac_reserve": 166.66666666666666,
    "hvac_service": 100.0,
    "insurance": 500.0,
    "labor": 26963.10162832,
    "late_break_even_incremental_sales_per_day": 318.96021226984817,
    "late_incremental_cashflow_after_debt_monthly": 14939.903101692802,
    "late_incremental_costs_monthly": 5726.492800000001,
    "late_incremental_noi_monthly": 14939.903101692802,
    "late_incremental_sales_monthly": 34532.958936,
    "licenses_fees": 96.27083333333333,
    "maintenance_reserve": 708.3333333333334,
    "marketing": 750.0,
    "monthly_debt_service": 9325.611646168176,
    "monthly_fixed_costs": 86561.9327,
    "monthly_net": -14751.76041149121,
    "monthly_variable_costs": 50749.3805674912,
    "music_licensing": 204.16666666666666,
    "noi": -14751.76041149121,
    "occupancy_cost_monthly": 18000.0,
    "other_opex": 1200.0,
    "pos_software": 180.0,
    "processing_fees": 3088.5007319712,
    "program_event_contribution_monthly": 0.0,
    "program_event_revenue_monthly": 0.0,
    "program_incremental_bar_only_guests_monthly": 0.0,
    "program_incremental_table_hours_sold_monthly": 0.0,
    "program_league_contribution_monthly": 0.0,
    "program_league_revenue_monthly": 0.0,
    "program_membership_contribution_monthly": 0.0,
    "program_membership_revenue_monthly": 0.0,
    "program_total_contribution_monthly": 0.0,
    "program_total_revenue_monthly": 0.0,
    "program_uplift_spend_multiplier": 0.0,
    "program_uplift_utilization_multiplier": 0.0,
    "property_tax_insurance": 1500.0,
    "rent": 13500.0,
    "required_gross_profit": 95887.54434616819,
    "required_utilization_multiplier_for_cash_break_even": 1.3352919411044541,
    "sales_gap_per_day_for_cash_break_even": 1369.7743459327387,
    "security": 1732.0,
    "semi_fixed_labor_monthly": 59424.49520000001,
    "table_revenue": 28307.808,
    "total_bar_sales_monthly": 75777.452496,
    "total_cogs": 20697.7782072,
    "total_expenses": 137311.3132674912,
    "total_food_sales_monthly": 18474.29236,
    "total_revenue": 122559.552856,
    "total_table_sales_monthly": 28307.808,
    "utilities": 3400.0,
    "utilities_cost_monthly": 3400.0
  },
  "warnings": [
    "Alcohol sales are prohibited from 02:00-10:00 and before Sunday noon.",
    "Late-night mode may require a special exception for midnight-2am alcohol service.",
    "Last call should be 01:30-01:45 to clear drinks by 02:00.",
    "Operating after 2am without alcohol is high risk; docs say 24-hour operation is not feasible."
  ],
  "wristband_count_method": "core_only"
}
