{
  "assumptions_used": {
    "bar_cogs_pct": 0.2,
    "food_cogs_pct_placeholder": 0.3,
    "food_revenue_pct_placeholder": 0.15,
    "labor_pct": 0.22,
    "utilities_per_month": 2500.0
  },
  "cam_per_sf": 3.5,
  "payback_months": 1694.8188133325484,
  "payback_years": 141.2349011110457,
  "periods": [
    {
      "bar_revenue": 300.0,
      "day_type": "weekday",
      "days_per_month": 17.32,
      "metrics": {
        "active_tables": 6.0,
        "guests": 12.0,
        "table_hours": 24.0
      },
      "period": "core",
      "table_revenue": 240.0
    },
    {
      "bar_revenue": 64.80000000000001,
      "day_type": "weekday",
      "days_per_month": 17.32,
      "metrics": {
        "active_tables": 2.4000000000000004,
        "guests": 3.6000000000000005,
        "table_hours": 4.800000000000001
      },
      "period": "late",
      "table_revenue": 48.00000000000001
    },
    {
      "bar_revenue": 960.0000000000001,
      "day_type": "weekend",
      "days_per_month": 12.99,
      "metrics": {
        "active_tables": 9.600000000000001,
        "guests": 38.400000000000006,
        "table_hours": 38.400000000000006
      },
      "period": "core",
      "table_revenue": 384.00000000000006
    },
    {
      "bar_revenue": 324.0,
      "day_type": "weekend",
      "days_per_month": 12.99,
      "metrics": {
        "active_tables": 7.199999999999999,
        "guests": 18.0,
        "table_hours": 14.399999999999999
      },
      "period": "late",
      "table_revenue": 144.0
    }
  ],
  "pricing_style": "hourly",
  "rent_per_sf": 18.5,
  "scenario_id": "S12",
  "scenario_name": "12-table opening model",
  "size_sf": 8000.0,
  "startup_cost": 620000.0,
  "tables": 12,
  "total_guests": 1002.8280000000001,
  "totals": {
    "annual_net": 4389.849783040001,
    "bar_cogs": 4599.499200000001,
    "bar_revenue": 22997.496000000003,
    "breakeven_revenue": 37691.98975937594,
    "cam": 2333.3333333333335,
    "food_cogs": 1034.88732,
    "food_revenue": 3449.6244,
    "hvac_filters": 100.0,
    "hvac_reserve": 166.66666666666666,
    "hvac_service": 100.0,
    "insurance": 500.0,
    "labor": 8424.680088000001,
    "licenses_fees": 96.27083333333333,
    "maintenance_reserve": 708.3333333333334,
    "marketing": 750.0,
    "monthly_net": 365.8208152533334,
    "music_licensing": 204.16666666666666,
    "other_opex": 1200.0,
    "pos_software": 180.0,
    "processing_fees": 965.0088100800001,
    "rent": 12333.333333333334,
    "security": 1732.0,
    "table_revenue": 11846.880000000001,
    "total_cogs": 5634.386520000001,
    "total_expenses": 37928.17958474667,
    "total_revenue": 38294.000400000004,
    "utilities": 2500.0
  },
  "warnings": [
    "Alcohol sales are prohibited from 02:00-10:00 and before Sunday noon.",
    "Late-night mode may require a special exception for midnight-2am alcohol service.",
    "Last call should be 01:30-01:45 to clear drinks by 02:00.",
    "Operating after 2am without alcohol is high risk; docs say 24-hour operation is not feasible."
  ],
  "wristband_count_method": "core_only"
}
