{
  "assumptions_used": {
    "bar_attach_rate": 0.7,
    "bar_cogs_pct": 0.2,
    "food_attach_rate": 0.35,
    "food_cogs_pct_placeholder": 0.3,
    "labor_pct": 0.22,
    "utilities_per_month": 2500.0
  },
  "cam_per_sf": 3.5,
  "payback_months": 36.94308987640173,
  "payback_years": 3.0785908230334775,
  "periods": [
    {
      "bar_revenue": 11313.14688,
      "day_type": "weekday",
      "food_revenue": 3142.5407999999998,
      "metrics": {
        "guests": 997.6320000000001,
        "table_hours": 332.54400000000004
      },
      "period": "core",
      "table_revenue": 3990.5280000000002
    },
    {
      "bar_revenue": 5656.57344,
      "day_type": "weekday",
      "food_revenue": 1571.2703999999999,
      "metrics": {
        "guests": 498.81600000000003,
        "table_hours": 166.27200000000002
      },
      "period": "late",
      "table_revenue": 3325.4400000000005
    },
    {
      "bar_revenue": 14141.4336,
      "day_type": "weekend",
      "food_revenue": 3928.1760000000004,
      "metrics": {
        "guests": 1247.0400000000002,
        "table_hours": 415.68000000000006
      },
      "period": "core",
      "table_revenue": 6650.880000000001
    },
    {
      "bar_revenue": 7070.7168,
      "day_type": "weekend",
      "food_revenue": 1964.0880000000002,
      "metrics": {
        "guests": 623.5200000000001,
        "table_hours": 207.84000000000003
      },
      "period": "late",
      "table_revenue": 4156.800000000001
    }
  ],
  "pricing_style": "hourly",
  "rent_per_sf": 18.5,
  "revenue_drivers": {
    "avg_bar_spend_per_guest": 16.2,
    "avg_food_spend_per_guest": 9.0,
    "avg_guests_per_table_hour": 3.0,
    "avg_table_hours_sold_per_table_weekday": 3.0,
    "avg_table_hours_sold_per_table_weekend": 5.0,
    "bar_attach_rate": 0.7,
    "food_attach_rate": 0.35,
    "spend_multiplier": 0.9,
    "table_hourly_rate_late": 20.0,
    "table_hourly_rate_offpeak": 12.0,
    "table_hourly_rate_prime": 16.0,
    "utilization_multiplier": 0.8
  },
  "scenario_id": "S12_CONSERVATIVE",
  "scenario_name": "12-table conservative",
  "size_sf": 8000.0,
  "startup_cost": 620000.0,
  "tables": 12,
  "total_guests": 3367.0080000000003,
  "totals": {
    "annual_net": 201390.842641792,
    "bar_cogs": 7636.374144,
    "bar_revenue": 38181.87072,
    "breakeven_revenue": 38616.23934935946,
    "cam": 2333.3333333333335,
    "fixed_costs": 22904.104166666668,
    "food_cogs": 3181.8225599999996,
    "food_revenue": 10606.0752,
    "gross_margin_pct": 0.5931210431822276,
    "hvac_filters": 100.0,
    "hvac_reserve": 166.66666666666666,
    "hvac_service": 100.0,
    "insurance": 500.0,
    "labor": 14720.550662399999,
    "licenses_fees": 96.27083333333333,
    "maintenance_reserve": 708.3333333333334,
    "marketing": 750.0,
    "monthly_net": 16782.570220149333,
    "music_licensing": 204.16666666666666,
    "other_opex": 1200.0,
    "pos_software": 180.0,
    "processing_fees": 1686.172166784,
    "rent": 12333.333333333334,
    "security": 1732.0,
    "table_revenue": 18123.648,
    "total_cogs": 10818.196704,
    "total_expenses": 50129.023699850666,
    "total_revenue": 66911.59392,
    "utilities": 2500.0
  },
  "warnings": [
    "Alcohol sales are prohibited from 02:00-10:00 and before Sunday noon.",
    "Late-night mode may require a special exception for midnight-2am alcohol service.",
    "Last call should be 01:30-01:45 to clear drinks by 02:00.",
    "Operating after 2am without alcohol is high risk; docs say 24-hour operation is not feasible."
  ],
  "wristband_count_method": "core_only"
}
