{
  "assumptions_used": {
    "bar_attach_rate": 0.7,
    "bar_cogs_pct": 0.2,
    "food_attach_rate": 0.35,
    "food_cogs_pct_placeholder": 0.3,
    "labor_pct": 0.22,
    "utilities_per_month": 6600.000000000001
  },
  "cam_per_sf": 3.5,
  "capex_total": 1190000.0,
  "equity_required_at_close": 540000.0,
  "implied_equity": 540000.0,
  "late_bar_fraction": 1.0,
  "late_food_fraction": 1.0,
  "late_incremental": {
    "bar_sales_monthly": 43616.109398399996,
    "break_even_sales_per_day": 322.21461792454227,
    "cash_after_debt_monthly": 39355.901117563524,
    "extra_hours_per_week_capped": 14.0,
    "fixed_costs_monthly": 5726.492800000001,
    "food_sales_monthly": 12115.585944000002,
    "gross_profit_monthly": 45082.393917563524,
    "incremental_debt_service_monthly": 0.0,
    "noi_monthly": 39355.901117563524,
    "sales_monthly": 76100.0153424,
    "table_sales_monthly": 20368.32,
    "variable_costs_monthly": 31017.621424836478
  },
  "late_night": true,
  "lease_deposit_amount": 32000.000000000004,
  "lease_deposit_months": 1.0,
  "loan_amount": 650000.0,
  "loan_principal": 650000.0,
  "payback_months": 22.21393171517156,
  "payback_years": 1.8511609762642969,
  "periods": [
    {
      "bar_revenue": 44585.19223199999,
      "day_type": "weekday",
      "food_revenue": 12384.775619999999,
      "metrics": {
        "guests": 3435.444,
        "table_hours": 1145.148
      },
      "period": "core",
      "table_revenue": 13741.776
    },
    {
      "bar_revenue": 16993.289375999997,
      "day_type": "weekday",
      "food_revenue": 4720.35816,
      "metrics": {
        "guests": 1309.392,
        "table_hours": 436.464
      },
      "period": "late",
      "table_revenue": 8729.28
    },
    {
      "bar_revenue": 42483.22344,
      "day_type": "weekend",
      "food_revenue": 11800.895400000001,
      "metrics": {
        "guests": 3273.4800000000005,
        "table_hours": 1091.16
      },
      "period": "core",
      "table_revenue": 17458.56
    },
    {
      "bar_revenue": 21241.61172,
      "day_type": "weekend",
      "food_revenue": 5900.447700000001,
      "metrics": {
        "guests": 1636.7400000000002,
        "table_hours": 545.58
      },
      "period": "late",
      "table_revenue": 10911.6
    }
  ],
  "pricing_style": "hourly",
  "rent_per_sf": 18.5,
  "revenue_drivers": {
    "avg_bar_spend_per_guest": 18.54,
    "avg_food_spend_per_guest": 10.3,
    "avg_guests_per_table_hour": 3.0,
    "avg_table_hours_sold_per_table_weekday": 3.0,
    "avg_table_hours_sold_per_table_weekend": 5.0,
    "bar_attach_rate": 0.7,
    "bar_only_bar_spend_per_guest": 18.0,
    "bar_only_food_attach_rate": 0.25,
    "bar_only_food_spend_per_guest": 10.0,
    "bar_only_weekday_guests_per_day": 25.0,
    "bar_only_weekdays_per_month": 22.0,
    "bar_only_weekend_days_per_month": 8.0,
    "bar_only_weekend_guests_per_day": 60.0,
    "cam_per_sqft_year": 3.5,
    "food_attach_rate": 0.35,
    "late_extra_hours_per_day_capped": 2.0,
    "late_extra_hours_per_week_capped": 14.0,
    "lease_band": "mid",
    "legal_hours_enforced": true,
    "legal_max_open_hours_per_day": 16.0,
    "open_hours_per_day_modeled": 16.0,
    "program_event_avg_revenue": 900,
    "program_event_net_margin_pct": 0.85,
    "program_event_variable_cost_pct": 0.15,
    "program_events_per_month": 4,
    "program_incremental_bar_only_guests_monthly": 579.8,
    "program_incremental_table_hours_sold_monthly": 272.21999999999997,
    "program_league_active_players": 120,
    "program_league_fee_per_player": 2,
    "program_league_net_margin_pct": 0.8,
    "program_membership_active_members": 150.0,
    "program_membership_avg_spend_per_visit": 22.34983244468057,
    "program_membership_break_even_avg_sales_per_visit": 177.08333333333334,
    "program_membership_discount_cost_monthly": 402.29698400425025,
    "program_membership_discount_method": "discount_pct_on_member_visits",
    "program_membership_discount_pct": 0.1,
    "program_membership_discountable_sales_share": 0.6,
    "program_membership_estimated_share_of_guests": 0.020949568522686708,
    "program_membership_member_visits_per_month": 2.0,
    "program_membership_monthly_fee": 25.0,
    "program_membership_net_margin_pct": 0.85,
    "program_membership_visits_per_month": 2.0,
    "program_uplift_spend_multiplier": 0.03,
    "program_uplift_utilization_multiplier": 0.05,
    "programs_driver_mode": true,
    "programs_enabled": true,
    "rent_per_sqft_year": 18.5,
    "spend_multiplier": 1.03,
    "standard_open_hours_per_day": 14.0,
    "table_hourly_rate_late": 20.0,
    "table_hourly_rate_offpeak": 12.0,
    "table_hourly_rate_prime": 16.0,
    "utilities_hours_multiplier": 1.1,
    "utilities_per_sqft_year": 4.5,
    "utilization_multiplier": 1.05
  },
  "runway_months": 180000.0,
  "scenario_id": "S24_BASE_LATE_PLUS_PROGRAMS2",
  "scenario_name": "24-table base late-night + programs (drivers)",
  "size_sf": 15000.0,
  "startup_cost": 1190000.0,
  "tables": 24,
  "ti_allowance": 0.0,
  "total_capex": 1190000.0,
  "total_cash_required_to_open": 572000.0,
  "total_guests": 12710.304,
  "total_project_cost": 1190000.0,
  "totals": {
    "annual_debt_service": 111907.33975401812,
    "annual_net": 642839.8260649696,
    "bar_cogs": 39579.16523328,
    "bar_only_bar_sales_monthly": 28976.399999999998,
    "bar_only_food_sales_monthly": 4024.5,
    "bar_revenue": 168919.4261664,
    "breakeven_revenue": 237995.29393335938,
    "breakeven_revenue_after_debt": 254012.4268198354,
    "cam": 4666.666666666667,
    "cam_monthly": 4666.666666666667,
    "capex_total": 1190000.0,
    "cash_flow_after_debt": 42634.87385924596,
    "cash_gap_monthly": 42634.87385924596,
    "dscr": 5.571804561126488,
    "equity_required_at_close": 540000.0,
    "fixed_costs": 138567.35163333334,
    "food_cogs": 15283.968847200002,
    "food_revenue": 46922.06282400001,
    "gross_margin_pct": 0.5822272757718198,
    "gross_margin_rate": 0.5822272757718198,
    "gross_profit_before_fixed": 190527.83713874748,
    "hvac_filters": 100.0,
    "hvac_reserve": 166.66666666666666,
    "hvac_service": 100.0,
    "insurance": 500.0,
    "labor": 71992.71816140706,
    "late_break_even_incremental_sales_per_day": 322.21461792454227,
    "late_incremental_cashflow_after_debt_monthly": 39355.901117563524,
    "late_incremental_costs_monthly": 5726.492800000001,
    "late_incremental_noi_monthly": 39355.901117563524,
    "late_incremental_sales_monthly": 76100.0153424,
    "lease_deposit_amount": 32000.000000000004,
    "lease_deposit_months": 1.0,
    "licenses_fees": 134.77083333333334,
    "loan_amount": 650000.0,
    "maintenance_reserve": 1416.6666666666667,
    "marketing": 750.0,
    "monthly_debt_service": 9325.611646168176,
    "monthly_fixed_costs": 138567.35163333334,
    "monthly_net": 53569.98550541414,
    "monthly_variable_costs": 136711.79086764823,
    "music_licensing": 204.16666666666666,
    "noi": 51960.48550541414,
    "occupancy_cost_monthly": 32000.000000000004,
    "other_opex": 1200.0,
    "pos_software": 180.0,
    "processing_fees": 8246.438625761171,
    "program_event_contribution_monthly": 2601.0,
    "program_event_revenue_monthly": 3600.0,
    "program_incremental_bar_only_guests_monthly": 579.8,
    "program_incremental_labor_cost_monthly": 1504.5632000000003,
    "program_incremental_security_cost_monthly": 1188.8352000000002,
    "program_incremental_table_hours_sold_monthly": 272.21999999999997,
    "program_league_contribution_monthly": 192.0,
    "program_league_revenue_monthly": 240.0,
    "program_membership_break_even_avg_sales_per_visit": 177.08333333333334,
    "program_membership_break_even_visits_per_month": null,
    "program_membership_contribution_monthly": 3187.5,
    "program_membership_discount_cost_monthly": 402.29698400425025,
    "program_membership_net_after_discount_monthly": 2785.20301599575,
    "program_membership_net_contribution_monthly": 2785.20301599575,