{
  "assumptions_used": {
    "bar_attach_rate": 0.7,
    "bar_cogs_pct": 0.2,
    "food_attach_rate": 0.35,
    "food_cogs_pct_placeholder": 0.3,
    "labor_pct": 0.22,
    "utilities_per_month": 6600.000000000001
  },
  "cam_per_sf": 3.5,
  "capex_total": 1190000.0,
  "equity_required_at_close": 540000.0,
  "implied_equity": 540000.0,
  "late_bar_fraction": 0.0,
  "late_food_fraction": 0.0,
  "late_incremental": {
    "bar_sales_monthly": 0.0,
    "break_even_sales_per_day": 169.26614690192864,
    "cash_after_debt_monthly": 14905.019135999997,
    "extra_hours_per_week_capped": 14.0,
    "fixed_costs_monthly": 4950.019200000001,
    "food_sales_monthly": 0.0,
    "gross_profit_monthly": 19855.038335999998,
    "incremental_debt_service_monthly": 0.0,
    "noi_monthly": 14905.019135999997,
    "sales_monthly": 20368.32,
    "table_sales_monthly": 20368.32,
    "variable_costs_monthly": 513.2816640000001
  },
  "late_night": true,
  "lease_deposit_amount": 32000.000000000004,
  "lease_deposit_months": 1.0,
  "loan_amount": 650000.0,
  "loan_principal": 650000.0,
  "payback_months": 9.007776899440659,
  "payback_years": 0.7506480749533881,
  "periods": [
    {
      "bar_revenue": 54651.49694928001,
      "day_type": "weekday",
      "food_revenue": 15180.971374800001,
      "metrics": {
        "guests": 3828.2616,
        "table_hours": 1276.0872
      },
      "period": "core",
      "table_revenue": 15313.0464
    },
    {
      "bar_revenue": 21496.511060640005,
      "day_type": "weekday",
      "food_revenue": 5971.253072400001,
      "metrics": {
        "guests": 1505.8008,
        "table_hours": 501.9336
      },
      "period": "late",
      "table_revenue": 10038.672
    },
    {
      "bar_revenue": 53741.277651600016,
      "day_type": "weekend",
      "food_revenue": 14928.132681000003,
      "metrics": {
        "guests": 3764.5020000000004,
        "table_hours": 1254.834
      },
      "period": "core",
      "table_revenue": 20077.344
    },
    {
      "bar_revenue": 26870.638825800008,
      "day_type": "weekend",
      "food_revenue": 7464.066340500001,
      "metrics": {
        "guests": 1882.2510000000002,
        "table_hours": 627.417
      },
      "period": "late",
      "table_revenue": 12548.34
    }
  ],
  "pricing_style": "hourly",
  "rent_per_sf": 18.5,
  "revenue_drivers": {
    "avg_bar_spend_per_guest": 20.394000000000005,
    "avg_food_spend_per_guest": 11.330000000000002,
    "avg_guests_per_table_hour": 3.0,
    "avg_table_hours_sold_per_table_weekday": 3.0,
    "avg_table_hours_sold_per_table_weekend": 5.0,
    "bar_attach_rate": 0.7,
    "bar_only_bar_spend_per_guest": 18.0,
    "bar_only_food_attach_rate": 0.25,
    "bar_only_food_spend_per_guest": 10.0,
    "bar_only_weekday_guests_per_day": 25.0,
    "bar_only_weekdays_per_month": 22.0,
    "bar_only_weekend_days_per_month": 8.0,
    "bar_only_weekend_guests_per_day": 60.0,
    "cam_per_sqft_year": 3.5,
    "food_attach_rate": 0.35,
    "late_extra_hours_per_day_capped": 2.0,
    "late_extra_hours_per_week_capped": 14.0,
    "lease_band": "mid",
    "legal_hours_enforced": true,
    "legal_max_open_hours_per_day": 16.0,
    "open_hours_per_day_modeled": 16.0,
    "program_event_avg_revenue": 900,
    "program_event_net_margin_pct": 0.85,
    "program_event_variable_cost_pct": 0.15,
    "program_events_per_month": 4,
    "program_incremental_bar_only_guests_monthly": 579.8,
    "program_incremental_table_hours_sold_monthly": 272.21999999999997,
    "program_league_active_players": 120,
    "program_league_fee_per_player": 2,
    "program_league_net_margin_pct": 0.8,
    "program_membership_active_members": 150.0,
    "program_membership_avg_spend_per_visit": 19.919065019832658,
    "program_membership_break_even_avg_sales_per_visit": 177.08333333333334,
    "program_membership_discount_cost_monthly": 358.54317035698784,
    "program_membership_discount_method": "discount_pct_on_member_visits",
    "program_membership_discount_pct": 0.1,
    "program_membership_discountable_sales_share": 0.6,
    "program_membership_estimated_share_of_guests": 0.01917439724035939,
    "program_membership_member_visits_per_month": 2.0,
    "program_membership_monthly_fee": 25.0,
    "program_membership_net_margin_pct": 0.85,
    "program_membership_visits_per_month": 2.0,
    "program_uplift_spend_multiplier": 0.03,
    "program_uplift_utilization_multiplier": 0.05,
    "programs_driver_mode": true,
    "programs_enabled": true,
    "rent_per_sqft_year": 18.5,
    "spend_multiplier": 1.1330000000000002,
    "standard_open_hours_per_day": 14.0,
    "table_hourly_rate_late": 20.0,
    "table_hourly_rate_offpeak": 12.0,
    "table_hourly_rate_prime": 16.0,
    "utilities_hours_multiplier": 1.1,
    "utilities_per_sqft_year": 4.5,
    "utilization_multiplier": 1.2075
  },
  "runway_months": 180000.0,
  "scenario_id": "S24_UPSIDE_LATE_LOCKUP_PLUS_PROGRAMS2",
  "scenario_name": "24-table upside late-night lockup + programs (drivers)",
  "size_sf": 15000.0,
  "startup_cost": 1190000.0,
  "tables": 24,
  "ti_allowance": 0.0,
  "total_capex": 1190000.0,
  "total_cash_required_to_open": 572000.0,
  "total_guests": 14036.0634,
  "total_project_cost": 1190000.0,
  "totals": {
    "annual_debt_service": 111907.33975401812,
    "annual_net": 1585296.8117901236,
    "bar_cogs": 37147.26489746401,
    "bar_only_bar_sales_monthly": 28976.399999999998,
    "bar_only_food_sales_monthly": 4024.5,
    "bar_revenue": 156759.92448732004,
    "breakeven_revenue": 157475.87415918152,
    "breakeven_revenue_after_debt": 169010.2140204291,
    "cam": 4666.666666666667,
    "cam_monthly": 4666.666666666667,
    "capex_total": 1190000.0,
    "cash_flow_after_debt": 121172.95600300877,
    "cash_gap_monthly": 121172.95600300877,
    "dscr": 13.993566599226533,
    "equity_required_at_close": 540000.0,
    "fixed_costs": 127320.58043333335,
    "food_cogs": 14270.677040610002,
    "food_revenue": 43544.423468700006,
    "gross_margin_pct": 0.8085084849545509,
    "gross_margin_rate": 0.8085084849545509,
    "gross_profit_before_fixed": 257819.1480825103,
    "hvac_filters": 100.0,
    "hvac_reserve": 166.66666666666666,
    "hvac_service": 100.0,
    "insurance": 500.0,
    "labor": 0.0,
    "labor_target_total_monthly": 70154.13398084587,
    "labor_total_monthly": 83968.30960000001,
    "late_break_even_incremental_sales_per_day": 169.26614690192864,
    "late_incremental_cashflow_after_debt_monthly": 14905.019135999997,
    "late_incremental_costs_monthly": 4950.019200000001,
    "late_incremental_noi_monthly": 14905.019135999997,
    "late_incremental_sales_monthly": 20368.32,
    "lease_deposit_amount": 32000.000000000004,
    "lease_deposit_months": 1.0,
    "licenses_fees": 134.77083333333334,
    "loan_amount": 650000.0,
    "maintenance_reserve": 1416.6666666666667,
    "marketing": 750.0,
    "monthly_debt_service": 9325.611646168176,
    "monthly_fixed_costs": 127320.58043333335,
    "monthly_net": 132108.06764917696,
    "monthly_variable_costs": 61063.27910315272,
    "music_licensing": 204.16666666666666,
    "noi": 130498.56764917696,
    "occupancy_cost_monthly": 32000.000000000004,
    "other_opex": 1200.0,
    "pos_software": 180.0,
    "processing_fees": 8035.837165078709,
    "program_event_contribution_monthly": 2601.0,
    "program_event_revenue_monthly": 3600.0,
    "program_incremental_bar_only_guests_monthly": 579.8,
    "program_incremental_labor_cost_monthly": 1128.4224000000002,
    "program_incremental_security_cost_monthly": 1188.8352000000002,
    "program_incremental_table_hours_sold_monthly": 272.21999999999997,
    "program_league_contribution_monthly": 192.0,
    "program_league_revenue_monthly": 240.0,
    "program_membership_break_even_avg_sales_per_visit": 177.08333333333334,
    "program_membership_break_even_visits_per_month": null,
    "program_membership_contribution_monthly": 3187.5,
    "program_membership_discount_cost_monthly": 358.54317035698784,