{
  "assumptions_used": {
    "bar_attach_rate": 0.7,
    "bar_cogs_pct": 0.2,
    "food_attach_rate": 0.35,
    "food_cogs_pct_placeholder": 0.3,
    "labor_pct": 0.22,
    "utilities_per_month": 5700.0
  },
  "cam_per_sf": 4.0,
  "down_payment_amount": 164900.0,
  "implied_equity": 174500.0,
  "late_bar_fraction": 1.0,
  "late_food_fraction": 1.0,
  "late_incremental": {
    "bar_sales_monthly": 81666.77904,
    "break_even_sales_per_day": 318.96021226984817,
    "cash_after_debt_monthly": 82843.77535011199,
    "fixed_costs_monthly": 5726.492800000001,
    "food_sales_monthly": 22685.2164,
    "gross_profit_monthly": 88570.268150112,
    "incremental_debt_service_monthly": 0.0,
    "noi_monthly": 82843.77535011199,
    "sales_monthly": 147998.39544,
    "table_sales_monthly": 43646.399999999994,
    "variable_costs_monthly": 59428.127289888
  },
  "late_night": true,
  "loan_principal": 650000.0,
  "payback_months": 25.855450586166725,
  "payback_years": 2.15462088218056,
  "periods": [
    {
      "bar_revenue": 22626.29376,
      "day_type": "weekday",
      "food_revenue": 6285.0815999999995,
      "metrics": {
        "guests": 1995.2640000000001,
        "table_hours": 665.0880000000001
      },
      "period": "core",
      "table_revenue": 7981.0560000000005
    },
    {
      "bar_revenue": 11313.14688,
      "day_type": "weekday",
      "food_revenue": 3142.5407999999998,
      "metrics": {
        "guests": 997.6320000000001,
        "table_hours": 332.54400000000004
      },
      "period": "late",
      "table_revenue": 6650.880000000001
    },
    {
      "bar_revenue": 28282.8672,
      "day_type": "weekend",
      "food_revenue": 7856.352000000001,
      "metrics": {
        "guests": 2494.0800000000004,
        "table_hours": 831.3600000000001
      },
      "period": "core",
      "table_revenue": 13301.760000000002
    },
    {
      "bar_revenue": 14141.4336,
      "day_type": "weekend",
      "food_revenue": 3928.1760000000004,
      "metrics": {
        "guests": 1247.0400000000002,
        "table_hours": 415.68000000000006
      },
      "period": "late",
      "table_revenue": 8313.600000000002
    }
  ],
  "pricing_style": "hourly",
  "rent_per_sf": 18.0,
  "revenue_drivers": {
    "avg_bar_spend_per_guest": 16.2,
    "avg_food_spend_per_guest": 9.0,
    "avg_guests_per_table_hour": 3.0,
    "avg_table_hours_sold_per_table_weekday": 3.0,
    "avg_table_hours_sold_per_table_weekend": 5.0,
    "bar_attach_rate": 0.7,
    "bar_only_bar_spend_per_guest": 18.0,
    "bar_only_food_attach_rate": 0.25,
    "bar_only_food_spend_per_guest": 10.0,
    "bar_only_weekday_guests_per_day": 25.0,
    "bar_only_weekdays_per_month": 22.0,
    "bar_only_weekend_days_per_month": 12.99,
    "bar_only_weekend_guests_per_day": 60.0,
    "food_attach_rate": 0.35,
    "spend_multiplier": 0.9,
    "table_hourly_rate_late": 20.0,
    "table_hourly_rate_offpeak": 12.0,
    "table_hourly_rate_prime": 16.0,
    "utilization_multiplier": 0.8
  },
  "scenario_id": "S24_CONSERVATIVE_LATE",
  "scenario_name": "24-table conservative late-night",
  "size_sf": 15000.0,
  "startup_cost": 1190000.0,
  "tables": 24,
  "total_capex": 824500.0,
  "total_guests": 13280.975999999999,
  "totals": {
    "annual_debt_service": 111907.33975401812,
    "annual_net": 552301.3398049283,
    "bar_cogs": 36391.94409600001,
    "bar_only_bar_sales_monthly": 23929.2,
    "bar_only_food_sales_monthly": 3323.5,
    "bar_revenue": 158030.52048,
    "breakeven_revenue": 231226.66385479225,
    "breakeven_revenue_after_debt": 247000.15446253764,
    "cam": 5333.333333333333,
    "cash_flow_after_debt": 36699.50000424249,
    "cash_gap_monthly": 36699.50000424249,
    "dscr": 4.935345090133796,
    "fixed_costs": 136705.95323333333,
    "food_cogs": 14166.260040000001,
    "food_revenue": 43897.3668,
    "gross_margin_pct": 0.5912205407209574,
    "gross_margin_rate": 0.5912205407209574,
    "gross_profit_before_fixed": 182731.064883744,
    "hvac_filters": 100.0,
    "hvac_reserve": 166.66666666666666,
    "hvac_service": 100.0,
    "insurance": 500.0,
    "labor": 67996.34232160001,
    "late_break_even_incremental_sales_per_day": 318.96021226984817,
    "late_incremental_cashflow_after_debt_monthly": 82843.77535011199,
    "late_incremental_costs_monthly": 5726.492800000001,
    "late_incremental_noi_monthly": 82843.77535011199,
    "late_incremental_sales_monthly": 147998.39544,
    "licenses_fees": 134.77083333333334,
    "maintenance_reserve": 1416.6666666666667,
    "marketing": 750.0,
    "monthly_debt_service": 9325.611646168176,
    "monthly_fixed_costs": 136705.95323333333,
    "monthly_net": 46025.11165041069,
    "monthly_variable_costs": 126343.21839625602,
    "music_licensing": 204.16666666666666,
    "noi": 46025.11165041066,
    "occupancy_cost_monthly": 32000.0,
    "other_opex": 1200.0,
    "pos_software": 180.0,
    "processing_fees": 7788.671938656001,
    "property_tax_insurance": 2666.6666666666665,
    "rent": 24000.0,
    "required_gross_profit": 146031.5648795015,
    "required_utilization_multiplier_for_cash_break_even": 0.7991611331790179,
    "sales_gap_per_day_for_cash_break_even": 0.0,
    "security": 1732.0,
    "semi_fixed_labor_monthly": 92521.68240000002,
    "table_revenue": 79893.696,
    "total_bar_sales_monthly": 181959.72048000002,
    "total_cogs": 50558.20413600001,
    "total_expenses": 263049.17162958934,
    "total_food_sales_monthly": 47220.8668,
    "total_revenue": 309074.28328000003,
    "total_table_sales_monthly": 79893.696,
    "utilities": 5700.0,
    "utilities_cost_monthly": 5700.0
  },
  "warnings": [
    "Alcohol sales are prohibited from 02:00-10:00 and before Sunday noon.",
    "Late-night mode may require a special exception for midnight-2am alcohol service.",
    "Last call should be 01:30-01:45 to clear drinks by 02:00.",
    "Operating after 2am without alcohol is high risk; docs say 24-hour operation is not feasible."
  ],
  "wristband_count_method": "core_only"
}
