{
  "assumptions_used": {
    "bar_attach_rate": 0.7,
    "bar_cogs_pct": 0.2,
    "food_attach_rate": 0.35,
    "food_cogs_pct_placeholder": 0.3,
    "labor_pct": 0.22,
    "utilities_per_month": 5700.0
  },
  "cam_per_sf": 4.0,
  "down_payment_amount": 164900.0,
  "implied_equity": 174500.0,
  "late_bar_fraction": 1.0,
  "late_food_fraction": 1.0,
  "late_incremental": {
    "bar_sales_monthly": 38111.163552000005,
    "break_even_sales_per_day": 318.96021226984817,
    "cash_after_debt_monthly": 35606.299003385604,
    "extra_hours_per_week_capped": 14.0,
    "fixed_costs_monthly": 5726.492800000001,
    "food_sales_monthly": 10586.434320000002,
    "gross_profit_monthly": 41332.791803385604,
    "incremental_debt_service_monthly": 0.0,
    "noi_monthly": 35606.299003385604,
    "sales_monthly": 69065.917872,
    "table_sales_monthly": 20368.32,
    "variable_costs_monthly": 27733.1260686144
  },
  "late_night": true,
  "loan_principal": 650000.0,
  "payback_months": null,
  "payback_years": null,
  "periods": [
    {
      "bar_revenue": 22626.29376,
      "day_type": "weekday",
      "food_revenue": 6285.0815999999995,
      "metrics": {
        "guests": 1995.2640000000001,
        "table_hours": 665.0880000000001
      },
      "period": "core",
      "table_revenue": 7981.0560000000005
    },
    {
      "bar_revenue": 11313.14688,
      "day_type": "weekday",
      "food_revenue": 3142.5407999999998,
      "metrics": {
        "guests": 997.6320000000001,
        "table_hours": 332.54400000000004
      },
      "period": "late",
      "table_revenue": 6650.880000000001
    },
    {
      "bar_revenue": 28282.8672,
      "day_type": "weekend",
      "food_revenue": 7856.352000000001,
      "metrics": {
        "guests": 2494.0800000000004,
        "table_hours": 831.3600000000001
      },
      "period": "core",
      "table_revenue": 13301.760000000002
    },
    {
      "bar_revenue": 14141.4336,
      "day_type": "weekend",
      "food_revenue": 3928.1760000000004,
      "metrics": {
        "guests": 1247.0400000000002,
        "table_hours": 415.68000000000006
      },
      "period": "late",
      "table_revenue": 8313.600000000002
    }
  ],
  "pricing_style": "hourly",
  "rent_per_sf": 18.0,
  "revenue_drivers": {
    "avg_bar_spend_per_guest": 16.2,
    "avg_food_spend_per_guest": 9.0,
    "avg_guests_per_table_hour": 3.0,
    "avg_table_hours_sold_per_table_weekday": 3.0,
    "avg_table_hours_sold_per_table_weekend": 5.0,
    "bar_attach_rate": 0.7,
    "bar_only_bar_spend_per_guest": 18.0,
    "bar_only_food_attach_rate": 0.25,
    "bar_only_food_spend_per_guest": 10.0,
    "bar_only_weekday_guests_per_day": 25.0,
    "bar_only_weekdays_per_month": 22.0,
    "bar_only_weekend_days_per_month": 8.0,
    "bar_only_weekend_guests_per_day": 60.0,
    "food_attach_rate": 0.35,
    "late_extra_hours_per_day_capped": 2.0,
    "late_extra_hours_per_week_capped": 14.0,
    "legal_hours_enforced": true,
    "legal_max_open_hours_per_day": 16.0,
    "open_hours_per_day_modeled": 16.0,
    "program_event_avg_revenue": 900,
    "program_event_net_margin_pct": 0.85,
    "program_event_variable_cost_pct": 0.15,
    "program_events_per_month": 4,
    "program_incremental_bar_only_guests_monthly": 0.0,
    "program_incremental_table_hours_sold_monthly": 0.0,
    "program_league_active_players": 120,
    "program_league_fee_per_player": 2,
    "program_league_net_margin_pct": 0.8,
    "program_membership_active_members": 150,
    "program_membership_discount_leakage_monthly": 0.0,
    "program_membership_discount_leakage_pct": 0.4,
    "program_membership_monthly_fee": 25,
    "program_membership_net_margin_pct": 0.85,
    "program_uplift_spend_multiplier": 0.0,
    "program_uplift_utilization_multiplier": 0.0,
    "programs_driver_mode": false,
    "programs_enabled": false,
    "spend_multiplier": 0.9,
    "standard_open_hours_per_day": 14.0,
    "table_hourly_rate_late": 20.0,
    "table_hourly_rate_offpeak": 12.0,
    "table_hourly_rate_prime": 16.0,
    "utilization_multiplier": 0.8
  },
  "scenario_id": "S24_CONSERVATIVE_LATE",
  "scenario_name": "24-table conservative late-night",
  "size_sf": 15000.0,
  "startup_cost": 1190000.0,
  "tables": 24,
  "total_capex": 824500.0,
  "total_guests": 9789.264000000001,
  "totals": {
    "annual_debt_service": 111907.33975401812,
    "annual_net": -33728.52787578909,
    "bar_cogs": 26602.980998400002,
    "bar_only_bar_sales_monthly": 18540.0,
    "bar_only_food_sales_monthly": 2575.0,
    "bar_revenue": 114474.904992,
    "breakeven_revenue": 228767.99251370504,
    "breakeven_revenue_after_debt": 244574.015854877,
    "cam": 5333.333333333333,
    "cash_flow_after_debt": -12136.322302483934,
    "cash_gap_monthly": -12136.322302483934,
    "dscr": 0,
    "fixed_costs": 134973.95323333333,
    "food_cogs": 10312.075416,
    "food_revenue": 31798.58472,
    "gross_margin_pct": 0.590003661571001,
    "gross_margin_rate": 0.590003661571001,
    "gross_profit_before_fixed": 132163.24257701758,
    "hvac_filters": 100.0,
    "hvac_reserve": 166.66666666666666,
    "hvac_service": 100.0,
    "insurance": 500.0,
    "labor": 49280.90325664,
    "late_break_even_incremental_sales_per_day": 318.96021226984817,
    "late_incremental_cashflow_after_debt_monthly": 35606.299003385604,
    "late_incremental_costs_monthly": 5726.492800000001,
    "late_incremental_noi_monthly": 35606.299003385604,
    "late_incremental_sales_monthly": 69065.917872,
    "licenses_fees": 134.77083333333334,
    "maintenance_reserve": 1416.6666666666667,
    "marketing": 750.0,
    "monthly_debt_service": 9325.611646168176,
    "monthly_fixed_costs": 134973.95323333333,
    "monthly_net": -2810.7106563157577,
    "monthly_variable_costs": 91840.86313498241,
    "music_licensing": 204.16666666666666,
    "noi": -2810.7106563157577,
    "occupancy_cost_monthly": 32000.0,
    "other_opex": 1200.0,
    "pos_software": 180.0,
    "processing_fees": 5644.9034639424,
    "program_event_contribution_monthly": 0.0,
    "program_event_revenue_monthly": 0.0,
    "program_incremental_bar_only_guests_monthly": 0.0,
    "program_incremental_labor_cost_monthly": 0.0,
    "program_incremental_security_cost_monthly": 0.0,
    "program_incremental_table_hours_sold_monthly": 0.0,
    "program_league_contribution_monthly": 0.0,
    "program_league_revenue_monthly": 0.0,
    "program_membership_contribution_monthly": 0.0,
    "program_membership_revenue_monthly": 0.0,
    "program_net_contribution_monthly": 0.0,
    "program_total_contribution_monthly": 0.0,
    "program_total_revenue_monthly": 0.0,
    "program_uplift_spend_multiplier": 0.0,
    "program_uplift_utilization_multiplier": 0.0,
    "property_tax_insurance": 2666.6666666666665,
    "rent": 24000.0,
    "required_gross_profit": 144299.5648795015,
    "required_utilization_multiplier_for_cash_break_even": 1.0918282728680142,
    "sales_gap_per_day_for_cash_break_even": 685.663671429235,
    "security": 0.0,
    "semi_fixed_labor_monthly": 92521.68240000002,
    "table_revenue": 56615.616,
    "total_bar_sales_monthly": 133014.904992,
    "total_cogs": 36915.0564144,
    "total_expenses": 226814.81636831575,
    "total_food_sales_monthly": 34373.58472,
    "total_revenue": 224004.105712,
    "total_table_sales_monthly": 56615.616,
    "utilities": 5700.0,
    "utilities_cost_monthly": 5700.0
  },
  "warnings": [
    "Alcohol sales are prohibited from 02:00-10:00 and before Sunday noon.",
    "Late-night mode may require a special exception for midnight-2am alcohol service.",
    "Last call should be 01:30-01:45 to clear drinks by 02:00.",
    "Operating after 2am without alcohol is high risk; docs say 24-hour operation is not feasible."
  ],
  "wristband_count_method": "core_only"
}
